Series_Title,Star1,Star2,Star3,Star4
The Shawshank Redemption,Tim Robbins,Morgan Freeman,Bob Gunton,William Sadler
The Godfather,Marlon Brando,Al Pacino,James Caan,Diane Keaton
The Dark Knight,Christian Bale,Heath Ledger,Aaron Eckhart,Michael Caine
The Godfather: Part II,Al Pacino,Robert De Niro,Robert Duvall,Diane Keaton
12 Angry Men,Henry Fonda,Lee J. Cobb,Martin Balsam,John Fiedler
The Lord of the Rings: The Return of the King,Elijah Wood,Viggo Mortensen,Ian McKellen,Orlando Bloom
Pulp Fiction,John Travolta,Uma Thurman,Samuel L. Jackson,Bruce Willis
Schindler's List,Liam Neeson,Ralph Fiennes,Ben Kingsley,Caroline Goodall
Inception,Leonardo DiCaprio,Joseph Gordon-Levitt,Elliot Page,Ken Watanabe
Fight Club,Brad Pitt,Edward Norton,Meat Loaf,Zach Grenier
The Lord of the Rings: The Fellowship of the Ring,Elijah Wood,Ian McKellen,Orlando Bloom,Sean Bean
Forrest Gump,Tom Hanks,Robin Wright,Gary Sinise,Sally Field
"Il buono, il brutto, il cattivo",Clint Eastwood,Eli Wallach,Lee Van Cleef,Aldo Giuffrè
The Lord of the Rings: The Two Towers,Elijah Wood,Ian McKellen,Viggo Mortensen,Orlando Bloom
The Matrix,Lilly Wachowski,Keanu Reeves,Laurence Fishburne,Carrie-Anne Moss
Goodfellas,Robert De Niro,Ray Liotta,Joe Pesci,Lorraine Bracco
Star Wars: Episode V - The Empire Strikes Back,Mark Hamill,Harrison Ford,Carrie Fisher,Billy Dee Williams
One Flew Over the Cuckoo's Nest,Jack Nicholson,Louise Fletcher,Michael Berryman,Peter Brocco
Gisaengchung,Kang-ho Song,Lee Sun-kyun,Cho Yeo-jeong,Choi Woo-sik
Interstellar,Matthew McConaughey,Anne Hathaway,Jessica Chastain,Mackenzie Foy
Cidade de Deus,Kátia Lund,Alexandre Rodrigues,Leandro Firmino,Matheus Nachtergaele
Sen to Chihiro no kamikakushi,Daveigh Chase,Suzanne Pleshette,Miyu Irino,Rumi Hiiragi
Saving Private Ryan,Tom Hanks,Matt Damon,Tom Sizemore,Edward Burns
The Green Mile,Tom Hanks,Michael Clarke Duncan,David Morse,Bonnie Hunt
La vita è bella,Roberto Benigni,Nicoletta Braschi,Giorgio Cantarini,Giustino Durano
Se7en,Morgan Freeman,Brad Pitt,Kevin Spacey,Andrew Kevin Walker
The Silence of the Lambs,Jodie Foster,Anthony Hopkins,Lawrence A. Bonney,Kasi Lemmons
Star Wars,Mark Hamill,Harrison Ford,Carrie Fisher,Alec Guinness
Shichinin no samurai,Toshirô Mifune,Takashi Shimura,Keiko Tsushima,Yukiko Shimazaki
Joker,Joaquin Phoenix,Robert De Niro,Zazie Beetz,Frances Conroy
Whiplash,Miles Teller,J.K. Simmons,Melissa Benoist,Paul Reiser
The Intouchables,Éric Toledano,François Cluzet,Omar Sy,Anne Le Ny
The Prestige,Christian Bale,Hugh Jackman,Scarlett Johansson,Michael Caine
The Departed,Leonardo DiCaprio,Matt Damon,Jack Nicholson,Mark Wahlberg
The Pianist,Adrien Brody,Thomas Kretschmann,Frank Finlay,Emilia Fox
Gladiator,Russell Crowe,Joaquin Phoenix,Connie Nielsen,Oliver Reed
American History X,Edward Norton,Edward Furlong,Beverly D'Angelo,Jennifer Lien
The Usual Suspects,Kevin Spacey,Gabriel Byrne,Chazz Palminteri,Stephen Baldwin
Léon,Jean Reno,Gary Oldman,Natalie Portman,Danny Aiello
The Lion King,Rob Minkoff,Matthew Broderick,Jeremy Irons,James Earl Jones
Terminator 2: Judgment Day,Arnold Schwarzenegger,Linda Hamilton,Edward Furlong,Robert Patrick
Nuovo Cinema Paradiso,Philippe Noiret,Enzo Cannavale,Antonella Attili,Isa Danieli
Back to the Future,Michael J. Fox,Christopher Lloyd,Lea Thompson,Crispin Glover
Once Upon a Time in the West,Henry Fonda,Charles Bronson,Claudia Cardinale,Jason Robards
Psycho,Anthony Perkins,Janet Leigh,Vera Miles,John Gavin
Casablanca,Humphrey Bogart,Ingrid Bergman,Paul Henreid,Claude Rains
Modern Times,Charles Chaplin,Paulette Goddard,Henry Bergman,Tiny Sandford
City Lights,Charles Chaplin,Virginia Cherrill,Florence Lee,Harry Myers
Capharnaüm,Zain Al Rafeea,Yordanos Shiferaw,Boluwatife Treasure Bankole,Kawsar Al Haddad
Kimi no na wa.,Ryûnosuke Kamiki,Mone Kamishiraishi,Ryô Narita,Aoi Yûki
Dangal,Aamir Khan,Sakshi Tanwar,Fatima Sana Shaikh,Sanya Malhotra
Spider-Man: Into the Spider-Verse,Peter Ramsey,Rodney Rothman,Shameik Moore,Jake Johnson
Avengers: Endgame,Joe Russo,Robert Downey Jr.,Chris Evans,Mark Ruffalo
Avengers: Infinity War,Joe Russo,Robert Downey Jr.,Chris Hemsworth,Mark Ruffalo
Coco,Adrian Molina,Anthony Gonzalez,Gael García Bernal,Benjamin Bratt
Django Unchained,Jamie Foxx,Christoph Waltz,Leonardo DiCaprio,Kerry Washington
The Dark Knight Rises,Christian Bale,Tom Hardy,Anne Hathaway,Gary Oldman
3 Idiots,Aamir Khan,Madhavan,Mona Singh,Sharman Joshi
Taare Zameen Par,Amole Gupte,Darsheel Safary,Aamir Khan,Tisca Chopra
WALL·E,Ben Burtt,Elissa Knight,Jeff Garlin,Fred Willard
The Lives of Others,Ulrich Mühe,Martina Gedeck,Sebastian Koch,Ulrich Tukur
Oldeuboi,Choi Min-sik,Yoo Ji-Tae,Kang Hye-jeong,Kim Byeong-Ok
Memento,Guy Pearce,Carrie-Anne Moss,Joe Pantoliano,Mark Boone Junior
Mononoke-hime,Yôji Matsuda,Yuriko Ishida,Yûko Tanaka,Billy Crudup
Once Upon a Time in America,Robert De Niro,James Woods,Elizabeth McGovern,Treat Williams
Raiders of the Lost Ark,Harrison Ford,Karen Allen,Paul Freeman,John Rhys-Davies
The Shining,Jack Nicholson,Shelley Duvall,Danny Lloyd,Scatman Crothers
Apocalypse Now,Martin Sheen,Marlon Brando,Robert Duvall,Frederic Forrest
Alien,Sigourney Weaver,Tom Skerritt,John Hurt,Veronica Cartwright
Dr. Strangelove or: How I Learned to Stop Worrying and Love the Bomb,Peter Sellers,George C. Scott,Sterling Hayden,Keenan Wynn
Witness for the Prosecution,Tyrone Power,Marlene Dietrich,Charles Laughton,Elsa Lanchester
Rear Window,James Stewart,Grace Kelly,Wendell Corey,Thelma Ritter
The Great Dictator,Charles Chaplin,Paulette Goddard,Jack Oakie,Reginald Gardiner
1917,Dean-Charles Chapman,George MacKay,Daniel Mays,Colin Firth
Andhadhun,Ayushmann Khurrana,Tabu,Radhika Apte,Anil Dhawan
Jagten,Mads Mikkelsen,Thomas Bo Larsen,Annika Wedderkopp,Lasse Fogelstrøm
Jodaeiye Nader az Simin,Payman Maadi,Leila Hatami,Sareh Bayat,Shahab Hosseini
Incendies,Lubna Azabal,Mélissa Désormeaux-Poulin,Maxim Gaudette,Mustafa Kamel
Inglourious Basterds,Brad Pitt,Diane Kruger,Eli Roth,Mélanie Laurent
Eternal Sunshine of the Spotless Mind,Jim Carrey,Kate Winslet,Tom Wilkinson,Gerry Robert Byrne
Amélie,Audrey Tautou,Mathieu Kassovitz,Rufus,Lorella Cravotta
Snatch,Jason Statham,Brad Pitt,Benicio Del Toro,Dennis Farina
Requiem for a Dream,Ellen Burstyn,Jared Leto,Jennifer Connelly,Marlon Wayans
American Beauty,Kevin Spacey,Annette Bening,Thora Birch,Wes Bentley
Good Will Hunting,Robin Williams,Matt Damon,Ben Affleck,Stellan Skarsgård
Bacheha-Ye aseman,Mohammad Amir Naji,Amir Farrokh Hashemian,Bahare Seddiqi,Nafise Jafar-Mohammadi
Toy Story,Tom Hanks,Tim Allen,Don Rickles,Jim Varney
Braveheart,Mel Gibson,Sophie Marceau,Patrick McGoohan,Angus Macfadyen
Reservoir Dogs,Harvey Keitel,Tim Roth,Michael Madsen,Chris Penn
Full Metal Jacket,Matthew Modine,R. Lee Ermey,Vincent D'Onofrio,Adam Baldwin
Aliens,Sigourney Weaver,Michael Biehn,Carrie Henn,Paul Reiser
Amadeus,F. Murray Abraham,Tom Hulce,Elizabeth Berridge,Roy Dotrice
Scarface,Al Pacino,Michelle Pfeiffer,Steven Bauer,Mary Elizabeth Mastrantonio
Star Wars: Episode VI - Return of the Jedi,Mark Hamill,Harrison Ford,Carrie Fisher,Billy Dee Williams
Das Boot,Jürgen Prochnow,Herbert Grönemeyer,Klaus Wennemann,Hubertus Bengsch
Taxi Driver,Robert De Niro,Jodie Foster,Cybill Shepherd,Albert Brooks
The Sting,Paul Newman,Robert Redford,Robert Shaw,Charles Durning
A Clockwork Orange,Malcolm McDowell,Patrick Magee,Michael Bates,Warren Clarke
2001: A Space Odyssey,Keir Dullea,Gary Lockwood,William Sylvester,Daniel Richter
Per qualche dollaro in più,Clint Eastwood,Lee Van Cleef,Gian Maria Volontè,Mara Krupp
Lawrence of Arabia,Peter O'Toole,Alec Guinness,Anthony Quinn,Jack Hawkins
The Apartment,Jack Lemmon,Shirley MacLaine,Fred MacMurray,Ray Walston
North by Northwest,Cary Grant,Eva Marie Saint,James Mason,Jessie Royce Landis
Vertigo,James Stewart,Kim Novak,Barbara Bel Geddes,Tom Helmore
Singin' in the Rain,Gene Kelly,Gene Kelly,Donald O'Connor,Debbie Reynolds
Double Indemnity,Fred MacMurray,Barbara Stanwyck,Edward G. Robinson,Byron Barr
Citizen Kane,Orson Welles,Joseph Cotten,Dorothy Comingore,Agnes Moorehead
M - Eine Stadt sucht einen Mörder,Peter Lorre,Ellen Widmann,Inge Landgut,Otto Wernicke
The Kid,Charles Chaplin,Edna Purviance,Jackie Coogan,Carl Miller
Chhichhore,Sushant Singh Rajput,Shraddha Kapoor,Varun Sharma,Prateik
Uri: The Surgical Strike,Vicky Kaushal,Paresh Rawal,Mohit Raina,Yami Gautam
Green Book,Viggo Mortensen,Mahershala Ali,Linda Cardellini,Sebastian Maniscalco
"Three Billboards Outside Ebbing, Missouri",Frances McDormand,Woody Harrelson,Sam Rockwell,Caleb Landry Jones
Talvar,Irrfan Khan,Konkona Sen Sharma,Neeraj Kabi,Sohum Shah
Baahubali 2: The Conclusion,Prabhas,Rana Daggubati,Anushka Shetty,Tamannaah Bhatia
Drishyam,Ajay Devgn,Shriya Saran,Tabu,Rajat Kapoor
Queen,Kangana Ranaut,Rajkummar Rao,Lisa Haydon,Jeffrey Ho
Bhaag Milkha Bhaag,Farhan Akhtar,Sonam Kapoor,Pawan Malhotra,Art Malik
Udaan,Rajat Barmecha,Ronit Roy,Manjot Singh,Ram Kapoor
Paan Singh Tomar,Irrfan Khan,Mahie Gill,Rajesh Abhay,Hemendra Dandotiya
El secreto de sus ojos,Ricardo Darín,Soledad Villamil,Pablo Rago,Carla Quevedo
Warrior,Tom Hardy,Nick Nolte,Joel Edgerton,Jennifer Morrison
Shutter Island,Leonardo DiCaprio,Emily Mortimer,Mark Ruffalo,Ben Kingsley
Up,Bob Peterson,Edward Asner,Jordan Nagai,John Ratzenberger
The Wolf of Wall Street,Leonardo DiCaprio,Jonah Hill,Margot Robbie,Matthew McConaughey
Chak De! India,Shah Rukh Khan,Vidya Malvade,Sagarika Ghatge,Shilpa Shukla
There Will Be Blood,Daniel Day-Lewis,Paul Dano,Ciarán Hinds,Martin Stringer
Pan's Labyrinth,Ivana Baquero,Ariadna Gil,Sergi López,Maribel Verdú
Toy Story 3,Tom Hanks,Tim Allen,Joan Cusack,Ned Beatty
V for Vendetta,Hugo Weaving,Natalie Portman,Rupert Graves,Stephen Rea
Rang De Basanti,Aamir Khan,Soha Ali Khan,Siddharth,Sharman Joshi
Black,Amitabh Bachchan,Rani Mukerji,Shernaz Patel,Ayesha Kapoor
Batman Begins,Christian Bale,Michael Caine,Ken Watanabe,Liam Neeson
"Swades: We, the People",Shah Rukh Khan,Gayatri Joshi,Kishori Ballal,Smit Sheth
Der Untergang,Bruno Ganz,Alexandra Maria Lara,Ulrich Matthes,Juliane Köhler
Hauru no ugoku shiro,Chieko Baishô,Takuya Kimura,Tatsuya Gashûin,Akihiro Miwa
A Beautiful Mind,Russell Crowe,Ed Harris,Jennifer Connelly,Christopher Plummer
"Lock, Stock and Two Smoking Barrels",Jason Flemyng,Dexter Fletcher,Nick Moran,Jason Statham
L.A. Confidential,Kevin Spacey,Russell Crowe,Guy Pearce,Kim Basinger
Heat,Al Pacino,Robert De Niro,Val Kilmer,Jon Voight
Casino,Robert De Niro,Sharon Stone,Joe Pesci,James Woods
Unforgiven,Clint Eastwood,Gene Hackman,Morgan Freeman,Richard Harris
Indiana Jones and the Last Crusade,Harrison Ford,Sean Connery,Alison Doody,Denholm Elliott
Dom za vesanje,Davor Dujmovic,Bora Todorovic,Ljubica Adzovic,Husnija Hasimovic
Tonari no Totoro,Hitoshi Takagi,Noriko Hidaka,Chika Sakamoto,Shigesato Itoi
Die Hard,Bruce Willis,Alan Rickman,Bonnie Bedelia,Reginald VelJohnson
Ran,Tatsuya Nakadai,Akira Terao,Jinpachi Nezu,Daisuke Ryû
Raging Bull,Robert De Niro,Cathy Moriarty,Joe Pesci,Frank Vincent
Stalker,Alisa Freyndlikh,Aleksandr Kaydanovskiy,Anatoliy Solonitsyn,Nikolay Grinko
Monty Python and the Holy Grail,Terry Jones,Graham Chapman,John Cleese,Eric Idle
The Great Escape,Steve McQueen,James Garner,Richard Attenborough,Charles Bronson
Some Like It Hot,Marilyn Monroe,Tony Curtis,Jack Lemmon,George Raft
Dial M for Murder,Ray Milland,Grace Kelly,Robert Cummings,John Williams
All About Eve,Bette Davis,Anne Baxter,George Sanders,Celeste Holm
The Treasure of the Sierra Madre,Humphrey Bogart,Walter Huston,Tim Holt,Bruce Bennett
The Gold Rush,Charles Chaplin,Mack Swain,Tom Murray,Henry Bergman
Sherlock Jr.,Buster Keaton,Kathryn McGuire,Joe Keaton,Erwin Connelly
Portrait de la jeune fille en feu,Noémie Merlant,Adèle Haenel,Luàna Bajrami,Valeria Golino
Pink,Taapsee Pannu,Amitabh Bachchan,Kirti Kulhari,Andrea Tariang
Ah-ga-ssi,Kim Min-hee,Jung-woo Ha,Cho Jin-woong,Moon So-Ri
Mommy,Anne Dorval,Antoine Olivier Pilon,Suzanne Clément,Patrick Huard
Haider,Shahid Kapoor,Tabu,Shraddha Kapoor,Kay Kay Menon
Logan,Hugh Jackman,Patrick Stewart,Dafne Keen,Boyd Holbrook
Room,Brie Larson,Jacob Tremblay,Sean Bridgers,Wendy Crewson
Relatos salvajes,Darío Grandinetti,María Marull,Mónica Villa,Diego Starosta
PK,Aamir Khan,Anushka Sharma,Sanjay Dutt,Boman Irani
OMG: Oh My God!,Paresh Rawal,Akshay Kumar,Mithun Chakraborty,Mahesh Manjrekar
The Grand Budapest Hotel,Ralph Fiennes,F. Murray Abraham,Mathieu Amalric,Adrien Brody
Gone Girl,Ben Affleck,Rosamund Pike,Neil Patrick Harris,Tyler Perry
Hacksaw Ridge,Andrew Garfield,Sam Worthington,Luke Bracey,Teresa Palmer
Inside Out,Ronnie Del Carmen,Amy Poehler,Bill Hader,Lewis Black
Barfi!,Ranbir Kapoor,Priyanka Chopra,Ileana D'Cruz,Saurabh Shukla
12 Years a Slave,Chiwetel Ejiofor,Michael Kenneth Williams,Michael Fassbender,Brad Pitt
Rush,Daniel Brühl,Chris Hemsworth,Olivia Wilde,Alexandra Maria Lara
Ford v Ferrari,Matt Damon,Christian Bale,Jon Bernthal,Caitriona Balfe
Spotlight,Mark Ruffalo,Michael Keaton,Rachel McAdams,Liev Schreiber
Song of the Sea,David Rawle,Brendan Gleeson,Lisa Hannigan,Fionnula Flanagan
Kahaani,Vidya Balan,Parambrata Chattopadhyay,Indraneil Sengupta,Nawazuddin Siddiqui
Zindagi Na Milegi Dobara,Hrithik Roshan,Farhan Akhtar,Abhay Deol,Katrina Kaif
Prisoners,Hugh Jackman,Jake Gyllenhaal,Viola Davis,Melissa Leo
Mad Max: Fury Road,Tom Hardy,Charlize Theron,Nicholas Hoult,Zoë Kravitz
Gran Torino,Clint Eastwood,Bee Vang,Christopher Carley,Ahney Her
Harry Potter and the Deathly Hallows: Part 2,Daniel Radcliffe,Emma Watson,Rupert Grint,Michael Gambon
Okuribito,Masahiro Motoki,Ryôko Hirosue,Tsutomu Yamazaki,Kazuko Yoshiyuki
How to Train Your Dragon,Chris Sanders,Jay Baruchel,Gerard Butler,Christopher Mintz-Plasse
Into the Wild,Emile Hirsch,Vince Vaughn,Catherine Keener,Marcia Gay Harden
No Country for Old Men,Joel Coen,Tommy Lee Jones,Javier Bardem,Josh Brolin
Lage Raho Munna Bhai,Sanjay Dutt,Arshad Warsi,Vidya Balan,Boman Irani
Million Dollar Baby,Hilary Swank,Clint Eastwood,Morgan Freeman,Jay Baruchel
Hotel Rwanda,Don Cheadle,Sophie Okonedo,Joaquin Phoenix,Xolani Mali
Taegukgi hwinalrimyeo,Jang Dong-Gun,Won Bin,Eun-ju Lee,Hyeong-jin Kong
Before Sunset,Ethan Hawke,Julie Delpy,Vernon Dobtcheff,Louise Lemoine Torrès
Salinui chueok,Kang-ho Song,Kim Sang-kyung,Roe-ha Kim,Jae-ho Song
Dil Chahta Hai,Aamir Khan,Saif Ali Khan,Akshaye Khanna,Preity Zinta
Kill Bill: Vol. 1,Uma Thurman,David Carradine,Daryl Hannah,Michael Madsen
Finding Nemo,Lee Unkrich,Albert Brooks,Ellen DeGeneres,Alexander Gould
Catch Me If You Can,Leonardo DiCaprio,Tom Hanks,Christopher Walken,Martin Sheen
Amores perros,Emilio Echevarría,Gael García Bernal,Goya Toledo,Álvaro Guerrero
"Monsters, Inc.",David Silverman,Lee Unkrich,Billy Crystal,John Goodman
Lagaan: Once Upon a Time in India,Aamir Khan,Raghuvir Yadav,Gracy Singh,Rachel Shelley
The Sixth Sense,Bruce Willis,Haley Joel Osment,Toni Collette,Olivia Williams
La leggenda del pianista sull'oceano,Tim Roth,Pruitt Taylor Vince,Mélanie Thierry,Bill Nunn
The Truman Show,Jim Carrey,Ed Harris,Laura Linney,Noah Emmerich
"Crna macka, beli macor",Bajram Severdzan,Srdjan 'Zika' Todorovic,Branka Katic,Florijan Ajdini
The Big Lebowski,Ethan Coen,Jeff Bridges,John Goodman,Julianne Moore
Fa yeung nin wah,Tony Chiu-Wai Leung,Maggie Cheung,Ping Lam Siu,Tung Cho 'Joe' Cheung
Trainspotting,Ewan McGregor,Ewen Bremner,Jonny Lee Miller,Kevin McKidd
Fargo,Ethan Coen,William H. Macy,Frances McDormand,Steve Buscemi
La haine,Vincent Cassel,Hubert Koundé,Saïd Taghmaoui,Abdel Ahmed Ghili
Before Sunrise,Ethan Hawke,Julie Delpy,Andrea Eckert,Hanno Pöschl
Trois couleurs: Rouge,Irène Jacob,Jean-Louis Trintignant,Frédérique Feder,Jean-Pierre Lorit
Chung Hing sam lam,Brigitte Lin,Takeshi Kaneshiro,Tony Chiu-Wai Leung,Faye Wong
Jurassic Park,Sam Neill,Laura Dern,Jeff Goldblum,Richard Attenborough
In the Name of the Father,Daniel Day-Lewis,Pete Postlethwaite,Alison Crosbie,Philip King
Ba wang bie ji,Leslie Cheung,Fengyi Zhang,Gong Li,You Ge
Dà hóng denglong gaogao guà,Gong Li,Jingwu Ma,Saifei He,Cuifen Cao
Dead Poets Society,Robin Williams,Robert Sean Leonard,Ethan Hawke,Josh Charles
Stand by Me,Wil Wheaton,River Phoenix,Corey Feldman,Jerry O'Connell
Platoon,Charlie Sheen,Tom Berenger,Willem Dafoe,Keith David
"Paris, Texas",Harry Dean Stanton,Nastassja Kinski,Dean Stockwell,Aurore Clément
Kaze no tani no Naushika,Sumi Shimamoto,Mahito Tsujimura,Hisako Kyôda,Gorô Naya
The Thing,Kurt Russell,Wilford Brimley,Keith David,Richard Masur
Pink Floyd: The Wall,Bob Geldof,Christine Hargreaves,James Laurenson,Eleanor David
Fanny och Alexander,Bertil Guve,Pernilla Allwin,Kristina Adolphson,Börje Ahlstedt
Blade Runner,Harrison Ford,Rutger Hauer,Sean Young,Edward James Olmos
Life of Brian,Graham Chapman,John Cleese,Michael Palin,Terry Gilliam
The Deer Hunter,Robert De Niro,Christopher Walken,John Cazale,John Savage
Rocky,Sylvester Stallone,Talia Shire,Burt Young,Carl Weathers
Zerkalo,Margarita Terekhova,Filipp Yankovskiy,Ignat Daniltsev,Oleg Yankovskiy
Chinatown,Jack Nicholson,Faye Dunaway,John Huston,Perry Lopez
Paper Moon,Ryan O'Neal,Tatum O'Neal,Madeline Kahn,John Hillerman
Viskningar och rop,Harriet Andersson,Liv Ullmann,Kari Sylwan,Ingrid Thulin
Le samouraï,Alain Delon,François Périer,Nathalie Delon,Cathy Rosier
Cool Hand Luke,Paul Newman,George Kennedy,Strother Martin,J.D. Cannon
Andrei Rublev,Anatoliy Solonitsyn,Ivan Lapikov,Nikolay Grinko,Nikolay Sergeev
What Ever Happened to Baby Jane?,Bette Davis,Joan Crawford,Victor Buono,Wesley Addy
Jungfrukällan,Max von Sydow,Birgitta Valberg,Gunnel Lindblom,Birgitta Pettersson
Ben-Hur,Charlton Heston,Jack Hawkins,Stephen Boyd,Haya Harareet
The Bridge on the River Kwai,William Holden,Alec Guinness,Jack Hawkins,Sessue Hayakawa
On the Waterfront,Marlon Brando,Karl Malden,Lee J. Cobb,Rod Steiger
Ace in the Hole,Kirk Douglas,Jan Sterling,Robert Arthur,Porter Hall
The Third Man,Orson Welles,Joseph Cotten,Alida Valli,Trevor Howard
Rebecca,Laurence Olivier,Joan Fontaine,George Sanders,Judith Anderson
Mr. Smith Goes to Washington,James Stewart,Jean Arthur,Claude Rains,Edward Arnold
Gone with the Wind,George Cukor,Sam Wood,Clark Gable,Vivien Leigh
It Happened One Night,Clark Gable,Claudette Colbert,Walter Connolly,Roscoe Karns
La passion de Jeanne d'Arc,Maria Falconetti,Eugene Silvain,André Berley,Maurice Schutz
Sunrise: A Song of Two Humans,George O'Brien,Janet Gaynor,Margaret Livingston,Bodil Rosing
The General,Buster Keaton,Buster Keaton,Marion Mack,Glen Cavender
Bajrangi Bhaijaan,Salman Khan,Harshaali Malhotra,Nawazuddin Siddiqui,Kareena Kapoor
La La Land,Ryan Gosling,Emma Stone,Rosemarie DeWitt,J.K. Simmons
Lion,Dev Patel,Nicole Kidman,Rooney Mara,Sunny Pawar
The Martian,Matt Damon,Jessica Chastain,Kristen Wiig,Kate Mara
Zootopia,Rich Moore,Jared Bush,Ginnifer Goodwin,Jason Bateman
Bãhubali: The Beginning,Prabhas,Rana Daggubati,Ramya Krishnan,Sathyaraj
Kaguyahime no monogatari,Chloë Grace Moretz,James Caan,Mary Steenburgen,James Marsden
Wonder,Jacob Tremblay,Owen Wilson,Izabela Vidovic,Julia Roberts
Gully Boy,Vijay Varma,Nakul Roshan Sahdev,Ranveer Singh,Vijay Raaz
Special Chabbis,Akshay Kumar,Anupam Kher,Manoj Bajpayee,Jimmy Sheirgill
Short Term 12,Brie Larson,Frantz Turner,John Gallagher Jr.,Kaitlyn Dever
Serbuan maut 2: Berandal,Iko Uwais,Yayan Ruhian,Arifin Putra,Oka Antara
The Imitation Game,Benedict Cumberbatch,Keira Knightley,Matthew Goode,Allen Leech
Guardians of the Galaxy,Chris Pratt,Vin Diesel,Bradley Cooper,Zoe Saldana
Blade Runner 2049,Harrison Ford,Ryan Gosling,Ana de Armas,Dave Bautista
Her,Joaquin Phoenix,Amy Adams,Scarlett Johansson,Rooney Mara
Bohemian Rhapsody,Rami Malek,Lucy Boynton,Gwilym Lee,Ben Hardy
The Revenant,Leonardo DiCaprio,Tom Hardy,Will Poulter,Domhnall Gleeson
The Perks of Being a Wallflower,Logan Lerman,Emma Watson,Ezra Miller,Paul Rudd
The King's Speech,Colin Firth,Geoffrey Rush,Helena Bonham Carter,Derek Jacobi
The Help,Emma Stone,Viola Davis,Octavia Spencer,Bryce Dallas Howard
Deadpool,Ryan Reynolds,Morena Baccarin,T.J. Miller,Ed Skrein
Darbareye Elly,Golshifteh Farahani,Shahab Hosseini,Taraneh Alidoosti,Merila Zare'i
Dev.D,Abhay Deol,Mahie Gill,Kalki Koechlin,Dibyendu Bhattacharya
My Name Is Khan,Shah Rukh Khan,Kajol,Sheetal Menon,Katie A. Keane
Slumdog Millionaire,Loveleen Tandan,Dev Patel,Freida Pinto,Saurabh Shukla
Black Swan,Natalie Portman,Mila Kunis,Vincent Cassel,Winona Ryder
Tropa de Elite,Wagner Moura,André Ramiro,Caio Junqueira,Milhem Cortaz
The Avengers,Robert Downey Jr.,Chris Evans,Scarlett Johansson,Jeremy Renner
Persepolis,Marjane Satrapi,Chiara Mastroianni,Catherine Deneuve,Gena Rowlands
Dallas Buyers Club,Matthew McConaughey,Jennifer Garner,Jared Leto,Steve Zahn
The Pursuit of Happyness,Will Smith,Thandie Newton,Jaden Smith,Brian Howe
Blood Diamond,Leonardo DiCaprio,Djimon Hounsou,Jennifer Connelly,Kagiso Kuypers
The Bourne Ultimatum,Matt Damon,Edgar Ramírez,Joan Allen,Julia Stiles
Bin-jip,Seung-Yun Lee,Hee Jae,Hyuk-ho Kwon,Jin-mo Joo
Sin City,Quentin Tarantino,Robert Rodriguez,Mickey Rourke,Clive Owen
Le scaphandre et le papillon,Laura Obiols,Mathieu Amalric,Emmanuelle Seigner,Marie-Josée Croze
Ratatouille,Jan Pinkava,Brad Garrett,Lou Romano,Patton Oswalt
Casino Royale,Daniel Craig,Eva Green,Judi Dench,Jeffrey Wright
Kill Bill: Vol. 2,Uma Thurman,David Carradine,Michael Madsen,Daryl Hannah
Bom Yeoareum Gaeul Gyeoul Geurigo Bom,Ki-duk Kim,Yeong-su Oh,Jong-ho Kim,Kim Young-Min
Mar adentro,Javier Bardem,Belén Rueda,Lola Dueñas,Mabel Rivera
Cinderella Man,Russell Crowe,Renée Zellweger,Craig Bierko,Paul Giamatti
Kal Ho Naa Ho,Preity Zinta,Shah Rukh Khan,Saif Ali Khan,Jaya Bachchan
Mou gaan dou,Alan Mak,Andy Lau,Tony Chiu-Wai Leung,Anthony Chau-Sang Wong
Pirates of the Caribbean: The Curse of the Black Pearl,Johnny Depp,Geoffrey Rush,Orlando Bloom,Keira Knightley
Big Fish,Ewan McGregor,Albert Finney,Billy Crudup,Jessica Lange
The Incredibles,Craig T. Nelson,Samuel L. Jackson,Holly Hunter,Jason Lee
Dogville,Nicole Kidman,Paul Bettany,Lauren Bacall,Harriet Andersson
Donnie Darko,Jake Gyllenhaal,Jena Malone,Mary McDonnell,Holmes Osborne
Magnolia,Tom Cruise,Jason Robards,Julianne Moore,Philip Seymour Hoffman
Dancer in the Dark,Björk,Catherine Deneuve,David Morse,Peter Stormare
The Straight Story,Richard Farnsworth,Sissy Spacek,Jane Galloway Heitz,Joseph A. Carpenter
Pâfekuto burû,Junko Iwao,Rica Matsumoto,Shinpachi Tsuji,Masaaki Ôkura
Festen,Ulrich Thomsen,Henning Moritzen,Thomas Bo Larsen,Paprika Steen
Central do Brasil,Fernanda Montenegro,Vinícius de Oliveira,Marília Pêra,Soia Lira
The Iron Giant,Eli Marienthal,Harry Connick Jr.,Jennifer Aniston,Vin Diesel
Sling Blade,Billy Bob Thornton,Dwight Yoakam,J.T. Walsh,John Ritter
Secrets & Lies,Timothy Spall,Brenda Blethyn,Phyllis Logan,Claire Rushbrook
Twelve Monkeys,Bruce Willis,Madeleine Stowe,Brad Pitt,Joseph Melito
Kôkaku Kidôtai,Atsuko Tanaka,Iemasa Kayumi,Akio Ôtsuka,Kôichi Yamadera
The Nightmare Before Christmas,Danny Elfman,Chris Sarandon,Catherine O'Hara,William Hickey
Groundhog Day,Bill Murray,Andie MacDowell,Chris Elliott,Stephen Tobolowsky
Bound by Honor,Damian Chapa,Jesse Borrego,Benjamin Bratt,Enrique Castillo
Scent of a Woman,Al Pacino,Chris O'Donnell,James Rebhorn,Gabrielle Anwar
Aladdin,John Musker,Scott Weinger,Robin Williams,Linda Larkin
JFK,Kevin Costner,Gary Oldman,Jack Lemmon,Walter Matthau
Beauty and the Beast,Kirk Wise,Paige O'Hara,Robby Benson,Jesse Corti
Dances with Wolves,Kevin Costner,Mary McDonnell,Graham Greene,Rodney A. Grant
Do the Right Thing,Danny Aiello,Ossie Davis,Ruby Dee,Richard Edson
Rain Man,Dustin Hoffman,Tom Cruise,Valeria Golino,Gerald R. Molen
Akira,Mitsuo Iwata,Nozomu Sasaki,Mami Koyama,Tesshô Genda
The Princess Bride,Cary Elwes,Mandy Patinkin,Robin Wright,Chris Sarandon
Der Himmel über Berlin,Bruno Ganz,Solveig Dommartin,Otto Sander,Curt Bois
Au revoir les enfants,Gaspard Manesse,Raphael Fejtö,Francine Racette,Stanislas Carré de Malberg
The Terminator,Arnold Schwarzenegger,Linda Hamilton,Michael Biehn,Paul Winfield
Gandhi,Ben Kingsley,John Gielgud,Rohini Hattangadi,Roshan Seth
Being There,Peter Sellers,Shirley MacLaine,Melvyn Douglas,Jack Warden
Annie Hall,Woody Allen,Diane Keaton,Tony Roberts,Carol Kane
Jaws,Roy Scheider,Robert Shaw,Richard Dreyfuss,Lorraine Gary
Dog Day Afternoon,Al Pacino,John Cazale,Penelope Allen,Sully Boyar
Young Frankenstein,Gene Wilder,Madeline Kahn,Marty Feldman,Peter Boyle
Papillon,Steve McQueen,Dustin Hoffman,Victor Jory,Don Gordon
The Exorcist,Ellen Burstyn,Max von Sydow,Linda Blair,Lee J. Cobb
Sleuth,Laurence Olivier,Michael Caine,Alec Cawthorne,John Matthews
The Last Picture Show,Timothy Bottoms,Jeff Bridges,Cybill Shepherd,Ben Johnson
Fiddler on the Roof,Topol,Norma Crane,Leonard Frey,Molly Picon
Il conformista,Jean-Louis Trintignant,Stefania Sandrelli,Gastone Moschin,Enzo Tarascio
Butch Cassidy and the Sundance Kid,Paul Newman,Robert Redford,Katharine Ross,Strother Martin
Planet of the Apes,Charlton Heston,Roddy McDowall,Kim Hunter,Maurice Evans
The Graduate,Dustin Hoffman,Anne Bancroft,Katharine Ross,William Daniels
The Sound of Music,Julie Andrews,Christopher Plummer,Eleanor Parker,Richard Haydn
Doctor Zhivago,Omar Sharif,Julie Christie,Geraldine Chaplin,Rod Steiger
Per un pugno di dollari,Clint Eastwood,Gian Maria Volontè,Marianne Koch,Wolfgang Lukschy
The Hustler,Paul Newman,Jackie Gleason,Piper Laurie,George C. Scott
La dolce vita,Marcello Mastroianni,Anita Ekberg,Anouk Aimée,Yvonne Furneaux
Rio Bravo,John Wayne,Dean Martin,Ricky Nelson,Angie Dickinson
Touch of Evil,Charlton Heston,Orson Welles,Janet Leigh,Joseph Calleia
Cat on a Hot Tin Roof,Elizabeth Taylor,Paul Newman,Burl Ives,Jack Carson
A Streetcar Named Desire,Vivien Leigh,Marlon Brando,Kim Hunter,Karl Malden
Laura,Gene Tierney,Dana Andrews,Clifton Webb,Vincent Price
The Best Years of Our Lives,Myrna Loy,Dana Andrews,Fredric March,Teresa Wright
The Grapes of Wrath,Henry Fonda,Jane Darwell,John Carradine,Charley Grapewin
The Wizard of Oz,George Cukor,Mervyn LeRoy,Norman Taurog,Richard Thorpe
All Quiet on the Western Front,Lew Ayres,Louis Wolheim,John Wray,Arnold Lucy
Knives Out,Daniel Craig,Chris Evans,Ana de Armas,Jamie Lee Curtis
Manbiki kazoku,Lily Franky,Sakura Andô,Kirin Kiki,Mayu Matsuoka
Marriage Story,Adam Driver,Scarlett Johansson,Julia Greer,Azhy Robertson
Call Me by Your Name,Armie Hammer,Timothée Chalamet,Michael Stuhlbarg,Amira Casar
"I, Daniel Blake",Laura Obiols,Dave Johns,Hayley Squires,Sharon Percy
Isle of Dogs,Bryan Cranston,Koyu Rankin,Edward Norton,Bob Balaban
Hunt for the Wilderpeople,Sam Neill,Julian Dennison,Rima Te Wiata,Rachel House
Captain Fantastic,Viggo Mortensen,George MacKay,Samantha Isler,Annalise Basso
Sing Street,Ferdia Walsh-Peelo,Aidan Gillen,Maria Doyle Kennedy,Jack Reynor
Thor: Ragnarok,Chris Hemsworth,Tom Hiddleston,Cate Blanchett,Mark Ruffalo
Nightcrawler,Jake Gyllenhaal,Rene Russo,Bill Paxton,Riz Ahmed
Jojo Rabbit,Roman Griffin Davis,Thomasin McKenzie,Scarlett Johansson,Taika Waititi
Arrival,Amy Adams,Jeremy Renner,Forest Whitaker,Michael Stuhlbarg
Star Wars: Episode VII - The Force Awakens,Daisy Ridley,John Boyega,Oscar Isaac,Domhnall Gleeson
Before Midnight,Ethan Hawke,Julie Delpy,Seamus Davey-Fitzpatrick,Ariane Labed
X-Men: Days of Future Past,Patrick Stewart,Ian McKellen,Hugh Jackman,James McAvoy
The Artist,Jean Dujardin,Bérénice Bejo,John Goodman,James Cromwell
Edge of Tomorrow,Tom Cruise,Emily Blunt,Bill Paxton,Brendan Gleeson
Amour,Jean-Louis Trintignant,Emmanuelle Riva,Isabelle Huppert,Alexandre Tharaud
The Irishman,Robert De Niro,Al Pacino,Joe Pesci,Harvey Keitel
Un prophète,Tahar Rahim,Niels Arestrup,Adel Bencherif,Reda Kateb
Moon,Sam Rockwell,Kevin Spacey,Dominique McElligott,Rosie Shaw
Låt den rätte komma in,Kåre Hedebrant,Lina Leandersson,Per Ragnar,Henrik Dahl
District 9,Sharlto Copley,David James,Jason Cope,Nathalie Boltt
The Wrestler,Mickey Rourke,Marisa Tomei,Evan Rachel Wood,Mark Margolis
Jab We Met,Shahid Kapoor,Kareena Kapoor,Tarun Arora,Dara Singh
Boyhood,Ellar Coltrane,Patricia Arquette,Ethan Hawke,Elijah Smith
Star Trek,Chris Pine,Zachary Quinto,Simon Pegg,Leonard Nimoy
In Bruges,Colin Farrell,Brendan Gleeson,Ciarán Hinds,Elizabeth Berrington
Letters from Iwo Jima,Ken Watanabe,Kazunari Ninomiya,Tsuyoshi Ihara,Ryô Kase
The Fall,Lee Pace,Catinca Untaru,Justine Waddell,Kim Uylenbroek
Life of Pi,Suraj Sharma,Irrfan Khan,Adil Hussain,Tabu
Fantastic Mr. Fox,George Clooney,Meryl Streep,Bill Murray,Jason Schwartzman
Les choristes,Gérard Jugnot,François Berléand,Jean-Baptiste Maunier,Kad Merad
Iron Man,Robert Downey Jr.,Gwyneth Paltrow,Terrence Howard,Jeff Bridges
Shaun of the Dead,Simon Pegg,Nick Frost,Kate Ashfield,Lucy Davis
Mystic River,Sean Penn,Tim Robbins,Kevin Bacon,Emmy Rossum
Harry Potter and the Prisoner of Azkaban,Daniel Radcliffe,Emma Watson,Rupert Grint,Richard Griffiths
Ying xiong,Jet Li,Tony Chiu-Wai Leung,Maggie Cheung,Ziyi Zhang
Hable con ella,Rosario Flores,Javier Cámara,Darío Grandinetti,Leonor Watling
No Man's Land,Branko Djuric,Rene Bitorajac,Filip Sovagovic,Georges Siatidis
Cowboy Bebop: Tengoku no tobira,Tensai Okamura,Hiroyuki Okiura,Yoshiyuki Takei,Beau Billingslea
The Bourne Identity,Franka Potente,Matt Damon,Chris Cooper,Clive Owen
Nueve reinas,Ricardo Darín,Gastón Pauls,Graciela Tenenbaum,María Mercedes Villagra
Children of Men,Julianne Moore,Clive Owen,Chiwetel Ejiofor,Michael Caine
Almost Famous,Billy Crudup,Patrick Fugit,Kate Hudson,Frances McDormand
Mulholland Dr.,Naomi Watts,Laura Harring,Justin Theroux,Jeanne Bates
Toy Story 2,Ash Brannon,Lee Unkrich,Tom Hanks,Tim Allen
Boogie Nights,Mark Wahlberg,Julianne Moore,Burt Reynolds,Luis Guzmán
Once Were Warriors,Rena Owen,Temuera Morrison,Mamaengaroa Kerr-Bell,Julian Arahanga
True Romance,Christian Slater,Patricia Arquette,Dennis Hopper,Val Kilmer
Trois couleurs: Bleu,Juliette Binoche,Zbigniew Zamachowski,Julie Delpy,Benoît Régent
Carlito's Way,Al Pacino,Sean Penn,Penelope Ann Miller,John Leguizamo
Edward Scissorhands,Johnny Depp,Winona Ryder,Dianne Wiest,Anthony Michael Hall
My Left Foot: The Story of Christy Brown,Daniel Day-Lewis,Brenda Fricker,Alison Whelan,Kirsten Sheridan
Crimes and Misdemeanors,Martin Landau,Woody Allen,Bill Bernstein,Claire Bloom
The Untouchables,Kevin Costner,Sean Connery,Robert De Niro,Charles Martin Smith
Hannah and Her Sisters,Mia Farrow,Dianne Wiest,Michael Caine,Barbara Hershey
Brazil,Jonathan Pryce,Kim Greist,Robert De Niro,Katherine Helmond
This Is Spinal Tap,Rob Reiner,Michael McKean,Christopher Guest,Kimberly Stringer
A Christmas Story,Peter Billingsley,Melinda Dillon,Darren McGavin,Scott Schwartz
The Blues Brothers,John Belushi,Dan Aykroyd,Cab Calloway,John Candy
Manhattan,Woody Allen,Diane Keaton,Mariel Hemingway,Michael Murphy
All That Jazz,Roy Scheider,Jessica Lange,Ann Reinking,Leland Palmer
Dawn of the Dead,David Emge,Ken Foree,Scott H. Reiniger,Gaylen Ross
All the President's Men,Dustin Hoffman,Robert Redford,Jack Warden,Martin Balsam
La montaña sagrada,Alejandro Jodorowsky,Horacio Salinas,Zamira Saunders,Juan Ferrara
Le charme discret de la bourgeoisie,Fernando Rey,Delphine Seyrig,Paul Frankeur,Bulle Ogier
Patton,George C. Scott,Karl Malden,Stephen Young,Michael Strong
The Wild Bunch,William Holden,Ernest Borgnine,Robert Ryan,Edmond O'Brien
The Lion in Winter,Peter O'Toole,Katharine Hepburn,Anthony Hopkins,John Castle
In the Heat of the Night,Sidney Poitier,Rod Steiger,Warren Oates,Lee Grant
Charade,Cary Grant,Audrey Hepburn,Walter Matthau,James Coburn
Spartacus,Kirk Douglas,Laurence Olivier,Jean Simmons,Charles Laughton
The Ten Commandments,Charlton Heston,Yul Brynner,Anne Baxter,Edward G. Robinson
High Noon,Gary Cooper,Grace Kelly,Thomas Mitchell,Lloyd Bridges
Strangers on a Train,Farley Granger,Robert Walker,Ruth Roman,Leo G. Carroll
Notorious,Cary Grant,Ingrid Bergman,Claude Rains,Louis Calhern
The Big Sleep,Humphrey Bogart,Lauren Bacall,John Ridgely,Martha Vickers
The Lost Weekend,Ray Milland,Jane Wyman,Phillip Terry,Howard Da Silva
His Girl Friday,Cary Grant,Rosalind Russell,Ralph Bellamy,Gene Lockhart
The Adventures of Robin Hood,William Keighley,Errol Flynn,Olivia de Havilland,Basil Rathbone
A Night at the Opera,Edmund Goulding,Groucho Marx,Chico Marx,Harpo Marx
King Kong,Ernest B. Schoedsack,Fay Wray,Robert Armstrong,Bruce Cabot
Forushande,Shahab Hosseini,Taraneh Alidoosti,Babak Karimi,Mina Sadati
Dunkirk,Fionn Whitehead,Barry Keoghan,Mark Rylance,Tom Hardy
Hidden Figures,Taraji P. Henson,Octavia Spencer,Janelle Monáe,Kevin Costner
Paddington 2,Ben Whishaw,Hugh Grant,Hugh Bonneville,Sally Hawkins
Kubo and the Two Strings,Charlize Theron,Art Parkinson,Matthew McConaughey,Ralph Fiennes
M.S. Dhoni: The Untold Story,Sushant Singh Rajput,Kiara Advani,Anupam Kher,Disha Patani
Manchester by the Sea,Casey Affleck,Michelle Williams,Kyle Chandler,Lucas Hedges
Under sandet,Roland Møller,Louis Hofmann,Joel Basman,Mikkel Boe Følsgaard
Rogue One,Felicity Jones,Diego Luna,Alan Tudyk,Donnie Yen
Captain America: Civil War,Joe Russo,Chris Evans,Robert Downey Jr.,Scarlett Johansson
The Hateful Eight,Samuel L. Jackson,Kurt Russell,Jennifer Jason Leigh,Walton Goggins
Little Women,Saoirse Ronan,Emma Watson,Florence Pugh,Eliza Scanlen
Loving Vincent,Hugh Welchman,Douglas Booth,Jerome Flynn,Robert Gulaczyk
Le passé,Bérénice Bejo,Tahar Rahim,Ali Mosaffa,Pauline Burlet
The Lunchbox,Irrfan Khan,Nimrat Kaur,Nawazuddin Siddiqui,Lillete Dubey
Vicky Donor,Ayushmann Khurrana,Yami Gautam,Annu Kapoor,Dolly Ahluwalia
Big Hero 6,Chris Williams,Ryan Potter,Scott Adsit,Jamie Chung
About Time,Domhnall Gleeson,Rachel McAdams,Bill Nighy,Lydia Wilson
English Vinglish,Sridevi,Adil Hussain,Mehdi Nebbou,Priya Anand
Kaze tachinu,Hideaki Anno,Hidetoshi Nishijima,Miori Takimoto,Masahiko Nishimura
Toy Story 4,Tom Hanks,Tim Allen,Annie Potts,Tony Hale
La migliore offerta,Geoffrey Rush,Jim Sturgess,Sylvia Hoeks,Donald Sutherland
Moonrise Kingdom,Jared Gilman,Kara Hayward,Bruce Willis,Bill Murray
How to Train Your Dragon 2,Jay Baruchel,Cate Blanchett,Gerard Butler,Craig Ferguson
The Big Short,Christian Bale,Steve Carell,Ryan Gosling,Brad Pitt
The Girl with the Dragon Tattoo,Daniel Craig,Rooney Mara,Christopher Plummer,Stellan Skarsgård
Captain Phillips,Tom Hanks,Barkhad Abdi,Barkhad Abdirahman,Catherine Keener
Ajeossi,Won Bin,Sae-ron Kim,Tae-hoon Kim,Hee-won Kim
Straight Outta Compton,O'Shea Jackson Jr.,Corey Hawkins,Jason Mitchell,Neil Brown Jr.
Madeo,Hye-ja Kim,Won Bin,Jin Goo,Je-mun Yun
The Hobbit: The Desolation of Smaug,Ian McKellen,Martin Freeman,Richard Armitage,Ken Stott
Das weiße Band - Eine deutsche Kindergeschichte,Christian Friedel,Ernst Jacobi,Leonie Benesch,Ulrich Tukur
Män som hatar kvinnor,Michael Nyqvist,Noomi Rapace,Ewa Fröling,Lena Endre
The Fighter,Mark Wahlberg,Christian Bale,Amy Adams,Melissa Leo
Taken,Liam Neeson,Maggie Grace,Famke Janssen,Leland Orser
The Boy in the Striped Pyjamas,Asa Butterfield,David Thewlis,Rupert Friend,Zac Mattoon O'Brien
Once,Glen Hansard,Markéta Irglová,Hugh Walsh,Gerard Hendrick
The Hobbit: An Unexpected Journey,Martin Freeman,Ian McKellen,Richard Armitage,Andy Serkis
Atonement,Keira Knightley,James McAvoy,Brenda Blethyn,Saoirse Ronan
Drive,Ryan Gosling,Carey Mulligan,Bryan Cranston,Albert Brooks
American Gangster,Denzel Washington,Russell Crowe,Chiwetel Ejiofor,Josh Brolin
Avatar,Sam Worthington,Zoe Saldana,Sigourney Weaver,Michelle Rodriguez
Mr. Nobody,Jared Leto,Sarah Polley,Diane Kruger,Linh Dan Pham
Apocalypto,Gerardo Taracena,Raoul Max Trujillo,Dalia Hernández,Rudy Youngblood
Little Miss Sunshine,Valerie Faris,Steve Carell,Toni Collette,Greg Kinnear
Hot Fuzz,Simon Pegg,Nick Frost,Martin Freeman,Bill Nighy
The Curious Case of Benjamin Button,Brad Pitt,Cate Blanchett,Tilda Swinton,Julia Ormond
Veer-Zaara,Shah Rukh Khan,Preity Zinta,Rani Mukerji,Kirron Kher
Adams æbler,Ulrich Thomsen,Mads Mikkelsen,Nicolas Bro,Paprika Steen
Pride & Prejudice,Keira Knightley,Matthew Macfadyen,Brenda Blethyn,Donald Sutherland
The World's Fastest Indian,Anthony Hopkins,Diane Ladd,Iain Rea,Tessa Mitchell
Tôkyô goddofâzâzu,Shôgo Furuya,Tôru Emori,Yoshiaki Umegaki,Aya Okamoto
Serenity,Nathan Fillion,Gina Torres,Chiwetel Ejiofor,Alan Tudyk
Walk the Line,Joaquin Phoenix,Reese Witherspoon,Ginnifer Goodwin,Robert Patrick
The Notebook,Gena Rowlands,James Garner,Rachel McAdams,Ryan Gosling
Diarios de motocicleta,Gael García Bernal,Rodrigo De la Serna,Mía Maestro,Mercedes Morán
Lilja 4-ever,Oksana Akinshina,Artyom Bogucharskiy,Pavel Ponomaryov,Lyubov Agapova
Les triplettes de Belleville,Michèle Caucheteux,Jean-Claude Donda,Michel Robin,Monica Viegas
The Count of Monte Cristo,Jim Caviezel,Guy Pearce,Christopher Adamson,JB Blanc
Waking Life,Ethan Hawke,Trevor Jack Brooks,Lorelei Linklater,Wiley Wiggins
Remember the Titans,Denzel Washington,Will Patton,Wood Harris,Ryan Hurst
Wo hu cang long,Yun-Fat Chow,Michelle Yeoh,Ziyi Zhang,Chen Chang
Todo sobre mi madre,Cecilia Roth,Marisa Paredes,Candela Peña,Antonia San Juan
Cast Away,Tom Hanks,Helen Hunt,Paul Sanchez,Lari White
The Boondock Saints,Willem Dafoe,Sean Patrick Flanery,Norman Reedus,David Della Rocco
The Insider,Russell Crowe,Al Pacino,Christopher Plummer,Diane Venora
October Sky,Jake Gyllenhaal,Chris Cooper,Laura Dern,Chris Owen
Shrek,Vicky Jenson,Mike Myers,Eddie Murphy,Cameron Diaz
Titanic,Leonardo DiCaprio,Kate Winslet,Billy Zane,Kathy Bates
Gattaca,Ethan Hawke,Uma Thurman,Jude Law,Gore Vidal
The Game,Michael Douglas,Deborah Kara Unger,Sean Penn,James Rebhorn
Breaking the Waves,Emily Watson,Stellan Skarsgård,Katrin Cartlidge,Jean-Marc Barr
Ed Wood,Johnny Depp,Martin Landau,Sarah Jessica Parker,Patricia Arquette
What's Eating Gilbert Grape,Johnny Depp,Leonardo DiCaprio,Juliette Lewis,Mary Steenburgen
Tombstone,Kevin Jarre,Kurt Russell,Val Kilmer,Sam Elliott
The Sandlot,Tom Guiry,Mike Vitar,Art LaFleur,Patrick Renna
The Remains of the Day,Anthony Hopkins,Emma Thompson,John Haycraft,Christopher Reeve
The Fugitive,Harrison Ford,Tommy Lee Jones,Sela Ward,Julianne Moore
A Bronx Tale,Robert De Niro,Chazz Palminteri,Lillo Brancato,Francis Capra
Batman: Mask of the Phantasm,Boyd Kirkland,Frank Paur,Dan Riba,Eric Radomski
Night on Earth,Winona Ryder,Gena Rowlands,Lisanne Falk,Alan Randolph Scott
La double vie de Véronique,Irène Jacob,Wladyslaw Kowalski,Halina Gryglaszewska,Kalina Jedrusik
Boyz n the Hood,Cuba Gooding Jr.,Laurence Fishburne,Hudhail Al-Amir,Lloyd Avery II
Misery,James Caan,Kathy Bates,Richard Farnsworth,Frances Sternhagen
Awakenings,Robert De Niro,Robin Williams,Julie Kavner,Ruth Nelson
Glory,Matthew Broderick,Denzel Washington,Cary Elwes,Morgan Freeman
Back to the Future Part II,Michael J. Fox,Christopher Lloyd,Lea Thompson,Thomas F. Wilson
Mississippi Burning,Gene Hackman,Willem Dafoe,Frances McDormand,Brad Dourif
Predator,Arnold Schwarzenegger,Carl Weathers,Kevin Peter Hall,Elpidia Carrillo
Evil Dead II,Bruce Campbell,Sarah Berry,Dan Hicks,Kassie Wesley DePaiva
Ferris Bueller's Day Off,Matthew Broderick,Alan Ruck,Mia Sara,Jeffrey Jones
Down by Law,Tom Waits,John Lurie,Roberto Benigni,Nicoletta Braschi
The Goonies,Sean Astin,Josh Brolin,Jeff Cohen,Corey Feldman
The Color Purple,Danny Glover,Whoopi Goldberg,Oprah Winfrey,Margaret Avery
The Breakfast Club,Emilio Estevez,Judd Nelson,Molly Ringwald,Ally Sheedy
The Killing Fields,Sam Waterston,Haing S. Ngor,John Malkovich,Julian Sands
Ghostbusters,Bill Murray,Dan Aykroyd,Sigourney Weaver,Harold Ramis
The Right Stuff,Sam Shepard,Scott Glenn,Ed Harris,Dennis Quaid
The King of Comedy,Robert De Niro,Jerry Lewis,Diahnne Abbott,Sandra Bernhard
E.T. the Extra-Terrestrial,Henry Thomas,Drew Barrymore,Peter Coyote,Dee Wallace
Kramer vs. Kramer,Dustin Hoffman,Meryl Streep,Jane Alexander,Justin Henry
The Outlaw Josey Wales,Clint Eastwood,Sondra Locke,Chief Dan George,Bill McKinney
The Conversation,Gene Hackman,John Cazale,Allen Garfield,Frederic Forrest
La planète sauvage,Barry Bostwick,Jennifer Drake,Eric Baugin,Jean Topart
The Day of the Jackal,Edward Fox,Terence Alexander,Michel Auclair,Alan Badel
Cabaret,Liza Minnelli,Michael York,Helmut Griem,Joel Grey
Willy Wonka & the Chocolate Factory,Gene Wilder,Jack Albertson,Peter Ostrum,Roy Kinnear
Midnight Cowboy,Dustin Hoffman,Jon Voight,Sylvia Miles,John McGiver
My Fair Lady,Audrey Hepburn,Rex Harrison,Stanley Holloway,Wilfrid Hyde-White
Mary Poppins,Julie Andrews,Dick Van Dyke,David Tomlinson,Glynis Johns
The Longest Day,Andrew Marton,Gerd Oswald,Bernhard Wicki,Darryl F. Zanuck
The Innocents,Deborah Kerr,Peter Wyngarde,Megs Jenkins,Michael Redgrave
À bout de souffle,Jean-Paul Belmondo,Jean Seberg,Daniel Boulanger,Henri-Jacques Huet
Deadpool 2,Ryan Reynolds,Josh Brolin,Morena Baccarin,Julian Dennison
Wind River,Kelsey Asbille,Jeremy Renner,Julia Jones,Teo Briones
Get Out,Daniel Kaluuya,Allison Williams,Bradley Whitford,Catherine Keener
Mission: Impossible - Fallout,Tom Cruise,Henry Cavill,Ving Rhames,Simon Pegg
En man som heter Ove,Rolf Lassgård,Bahar Pars,Filip Berg,Ida Engvoll
What We Do in the Shadows,Taika Waititi,Jemaine Clement,Taika Waititi,Cori Gonzalez-Macuer
Omoide no Mânî,Hiromasa Yonebayashi,Sara Takatsuki,Kasumi Arimura,Nanako Matsushima
The Theory of Everything,Eddie Redmayne,Felicity Jones,Tom Prior,Sophie Perry
Kingsman: The Secret Service,Colin Firth,Taron Egerton,Samuel L. Jackson,Michael Caine
The Fault in Our Stars,Shailene Woodley,Ansel Elgort,Nat Wolff,Laura Dern
Me and Earl and the Dying Girl,Thomas Mann,RJ Cyler,Olivia Cooke,Nick Offerman
Birdman or (The Unexpected Virtue of Ignorance),Michael Keaton,Zach Galifianakis,Edward Norton,Andrea Riseborough
La vie d'Adèle,Léa Seydoux,Adèle Exarchopoulos,Salim Kechiouche,Aurélien Recoing
Kai po che!,Amit Sadh,Sushant Singh Rajput,Rajkummar Rao,Amrita Puri
Captain America: The Winter Soldier,Joe Russo,Chris Evans,Samuel L. Jackson,Scarlett Johansson
Rockstar,Ranbir Kapoor,Nargis Fakhri,Shammi Kapoor,Kumud Mishra
Nebraska,Bruce Dern,Will Forte,June Squibb,Bob Odenkirk
Wreck-It Ralph,John C. Reilly,Jack McBrayer,Jane Lynch,Sarah Silverman
Le Petit Prince,Jeff Bridges,Mackenzie Foy,Rachel McAdams,Marion Cotillard
Midnight in Paris,Owen Wilson,Rachel McAdams,Kathy Bates,Kurt Fuller
The Lego Movie,Phil Lord,Chris Pratt,Will Ferrell,Elizabeth Banks
Gravity,Sandra Bullock,George Clooney,Ed Harris,Orto Ignatiussen
Star Trek Into Darkness,Chris Pine,Zachary Quinto,Zoe Saldana,Benedict Cumberbatch
The Social Network,Jesse Eisenberg,Andrew Garfield,Justin Timberlake,Rooney Mara
X: First Class,James McAvoy,Michael Fassbender,Jennifer Lawrence,Kevin Bacon
The Hangover,Zach Galifianakis,Bradley Cooper,Justin Bartha,Ed Helms
Skyfall,Daniel Craig,Javier Bardem,Naomie Harris,Judi Dench
Silver Linings Playbook,Bradley Cooper,Jennifer Lawrence,Robert De Niro,Jacki Weaver
Argo,Ben Affleck,Bryan Cranston,John Goodman,Alan Arkin
(500) Days of Summer,Zooey Deschanel,Joseph Gordon-Levitt,Geoffrey Arend,Chloë Grace Moretz
Harry Potter and the Deathly Hallows: Part 1,Daniel Radcliffe,Emma Watson,Rupert Grint,Bill Nighy
Gake no ue no Ponyo,Cate Blanchett,Matt Damon,Liam Neeson,Tomoko Yamaguchi
Frost/Nixon,Frank Langella,Michael Sheen,Kevin Bacon,Sam Rockwell
Papurika,Megumi Hayashibara,Tôru Emori,Katsunosuke Hori,Tôru Furuya
Changeling,Angelina Jolie,Colm Feore,Amy Ryan,Gattlin Griffith
Flipped,Madeline Carroll,Callan McAuliffe,Rebecca De Mornay,Anthony Edwards
Ex Machina,Alicia Vikander,Domhnall Gleeson,Oscar Isaac,Sonoya Mizuno
Efter brylluppet,Mads Mikkelsen,Sidse Babett Knudsen,Rolf Lassgård,Neeral Mulchandani
The Last King of Scotland,James McAvoy,Forest Whitaker,Gillian Anderson,Kerry Washington
Zodiac,Jake Gyllenhaal,Robert Downey Jr.,Mark Ruffalo,Anthony Edwards
Lucky Number Slevin,Josh Hartnett,Ben Kingsley,Morgan Freeman,Lucy Liu
Joyeux Noël,Diane Kruger,Benno Fürmann,Guillaume Canet,Natalie Dessay
Control,Sam Riley,Samantha Morton,Craig Parkinson,Alexandra Maria Lara
Tangled,Byron Howard,Mandy Moore,Zachary Levi,Donna Murphy
Zwartboek,Carice van Houten,Sebastian Koch,Thom Hoffman,Halina Reijn
Brokeback Mountain,Jake Gyllenhaal,Heath Ledger,Michelle Williams,Randy Quaid
3:10 to Yuma,Russell Crowe,Christian Bale,Ben Foster,Logan Lerman
Crash,Don Cheadle,Sandra Bullock,Thandie Newton,Karina Arroyave
Kung fu,Stephen Chow,Wah Yuen,Qiu Yuen,Siu-Lung Leung
The Bourne Supremacy,Matt Damon,Franka Potente,Joan Allen,Brian Cox
The Machinist,Christian Bale,Jennifer Jason Leigh,Aitana Sánchez-Gijón,John Sharian
Ray,Jamie Foxx,Regina King,Kerry Washington,Clifton Powell
Lost in Translation,Bill Murray,Scarlett Johansson,Giovanni Ribisi,Anna Faris
Harry Potter and the Goblet of Fire,Daniel Radcliffe,Emma Watson,Rupert Grint,Eric Sykes
Man on Fire,Denzel Washington,Christopher Walken,Dakota Fanning,Radha Mitchell
Coraline,Dakota Fanning,Teri Hatcher,John Hodgman,Jennifer Saunders
The Last Samurai,Tom Cruise,Ken Watanabe,Billy Connolly,William Atherton
The Magdalene Sisters,Eileen Walsh,Dorothy Duffy,Nora-Jane Noone,Anne-Marie Duff
Good Bye Lenin!,Daniel Brühl,Katrin Saß,Chulpan Khamatova,Florian Lukas
In America,Paddy Considine,Samantha Morton,Djimon Hounsou,Sarah Bolger
I Am Sam,Sean Penn,Michelle Pfeiffer,Dakota Fanning,Dianne Wiest
Adaptation.,Nicolas Cage,Meryl Streep,Chris Cooper,Tilda Swinton
Black Hawk Down,Josh Hartnett,Ewan McGregor,Tom Sizemore,Eric Bana
Road to Perdition,Tom Hanks,Tyler Hoechlin,Rob Maxey,Liam Aiken
Das Experiment,Moritz Bleibtreu,Christian Berkel,Oliver Stokowski,Wotan Wilke Möhring
Billy Elliot,Jamie Bell,Julie Walters,Jean Heywood,Jamie Draven
Hedwig and the Angry Inch,John Cameron Mitchell,Miriam Shor,Stephen Trask,Theodore Liscinski
Ocean's Eleven,George Clooney,Brad Pitt,Julia Roberts,Matt Damon
Vampire Hunter D: Bloodlust,Andrew Philpot,John Rafter Lee,Pamela Adlon,Wendee Lee
"O Brother, Where Art Thou?",Ethan Coen,George Clooney,John Turturro,Tim Blake Nelson
"South Park: Bigger, Longer & Uncut",Trey Parker,Matt Stone,Mary Kay Bergman,Isaac Hayes
Office Space,Ron Livingston,Jennifer Aniston,David Herman,Ajay Naidu
Training Day,Denzel Washington,Ethan Hawke,Scott Glenn,Tom Berenger
Rushmore,Jason Schwartzman,Bill Murray,Olivia Williams,Seymour Cassel
Abre los ojos,Eduardo Noriega,Penélope Cruz,Chete Lera,Fele Martínez
Being John Malkovich,John Cusack,Cameron Diaz,Catherine Keener,John Malkovich
As Good as It Gets,Jack Nicholson,Helen Hunt,Greg Kinnear,Cuba Gooding Jr.
The Fifth Element,Bruce Willis,Milla Jovovich,Gary Oldman,Ian Holm
Le dîner de cons,Thierry Lhermitte,Jacques Villeret,Francis Huster,Daniel Prévost
Donnie Brasco,Al Pacino,Johnny Depp,Michael Madsen,Bruno Kirby
Shine,Geoffrey Rush,Armin Mueller-Stahl,Justin Braine,Sonia Todd
Primal Fear,Richard Gere,Laura Linney,Edward Norton,John Mahoney
Hamlet,Kenneth Branagh,Julie Christie,Derek Jacobi,Kate Winslet
A Little Princess,Liesel Matthews,Eleanor Bron,Liam Cunningham,Rusty Schwimmer
Il postino,Massimo Troisi,Massimo Troisi,Philippe Noiret,Maria Grazia Cucinotta
Clerks,Brian O'Halloran,Jeff Anderson,Marilyn Ghigliotti,Lisa Spoonauer
Short Cuts,Andie MacDowell,Julianne Moore,Tim Robbins,Bruce Davison
Philadelphia,Tom Hanks,Denzel Washington,Roberta Maxwell,Buzz Kilman
The Muppet Christmas Carol,Michael Caine,Kermit the Frog,Dave Goelz,Miss Piggy
Malcolm X,Denzel Washington,Angela Bassett,Delroy Lindo,Spike Lee
The Last of the Mohicans,Daniel Day-Lewis,Madeleine Stowe,Russell Means,Eric Schweig
Glengarry Glen Ross,Al Pacino,Jack Lemmon,Alec Baldwin,Alan Arkin
A Few Good Men,Tom Cruise,Jack Nicholson,Demi Moore,Kevin Bacon
Fried Green Tomatoes,Kathy Bates,Jessica Tandy,Mary Stuart Masterson,Mary-Louise Parker
Barton Fink,Ethan Coen,John Turturro,John Goodman,Judy Davis
Miller's Crossing,Ethan Coen,Gabriel Byrne,Albert Finney,John Turturro
Who Framed Roger Rabbit,Bob Hoskins,Christopher Lloyd,Joanna Cassidy,Charles Fleischer
Withnail & I,Richard E. Grant,Paul McGann,Richard Griffiths,Ralph Brown
The Last Emperor,John Lone,Joan Chen,Peter O'Toole,Ruocheng Ying
Empire of the Sun,Christian Bale,John Malkovich,Miranda Richardson,Nigel Havers
Der Name der Rose,Sean Connery,Christian Slater,Helmut Qualtinger,Elya Baskin
Blue Velvet,Isabella Rossellini,Kyle MacLachlan,Dennis Hopper,Laura Dern
The Purple Rose of Cairo,Mia Farrow,Jeff Daniels,Danny Aiello,Irving Metzman
After Hours,Griffin Dunne,Rosanna Arquette,Verna Bloom,Tommy Chong
Zelig,Woody Allen,Mia Farrow,Patrick Horgan,John Buckwalter
The Verdict,Paul Newman,Charlotte Rampling,Jack Warden,James Mason
Star Trek II: The Wrath of Khan,William Shatner,Leonard Nimoy,DeForest Kelley,James Doohan
First Blood,Sylvester Stallone,Brian Dennehy,Richard Crenna,Bill McKinney
Ordinary People,Donald Sutherland,Mary Tyler Moore,Judd Hirsch,Timothy Hutton
Airplane!,David Zucker,Jerry Zucker,Robert Hays,Julie Hagerty
Halloween,Donald Pleasence,Jamie Lee Curtis,Tony Moran,Nancy Kyes
Le locataire,Roman Polanski,Isabelle Adjani,Melvyn Douglas,Jo Van Fleet
Blazing Saddles,Cleavon Little,Gene Wilder,Slim Pickens,Harvey Korman
Serpico,Al Pacino,John Randolph,Jack Kehoe,Biff McGuire
Enter the Dragon,Bruce Lee,John Saxon,Jim Kelly,Ahna Capri
Deliverance,Jon Voight,Burt Reynolds,Ned Beatty,Ronny Cox
The French Connection,Gene Hackman,Roy Scheider,Fernando Rey,Tony Lo Bianco
Dirty Harry,Clint Eastwood,Andrew Robinson,Harry Guardino,Reni Santoni
The Odd Couple,Jack Lemmon,Walter Matthau,John Fiedler,Herb Edelman
Belle de jour,Catherine Deneuve,Jean Sorel,Michel Piccoli,Geneviève Page
A Man for All Seasons,Paul Scofield,Wendy Hiller,Robert Shaw,Leo McKern
Goldfinger,Sean Connery,Gert Fröbe,Honor Blackman,Shirley Eaton
The Birds,Rod Taylor,Tippi Hedren,Jessica Tandy,Suzanne Pleshette
The Magnificent Seven,Yul Brynner,Steve McQueen,Charles Bronson,Eli Wallach
The Quiet Man,John Wayne,Maureen O'Hara,Barry Fitzgerald,Ward Bond
The African Queen,Humphrey Bogart,Katharine Hepburn,Robert Morley,Peter Bull
Fantasia,Samuel Armstrong,Ford Beebe Jr.,Norman Ferguson,David Hand
Searching,John Cho,Debra Messing,Joseph Lee,Michelle La
Once Upon a Time... in Hollywood,Leonardo DiCaprio,Brad Pitt,Margot Robbie,Emile Hirsch
Nelyubov,Maryana Spivak,Aleksey Rozin,Matvey Novikov,Marina Vasileva
The Florida Project,Brooklynn Prince,Bria Vinaite,Willem Dafoe,Christopher Rivera
Gifted,Chris Evans,Mckenna Grace,Lindsay Duncan,Octavia Spencer
The Peanut Butter Falcon,Michael Schwartz,Zack Gottsagen,Ann Owens,Dakota Johnson
Mustang,Günes Sensoy,Doga Zeynep Doguslu,Tugba Sunguroglu,Elit Iscan
Guardians of the Galaxy Vol. 2,Chris Pratt,Zoe Saldana,Dave Bautista,Vin Diesel
Baby Driver,Ansel Elgort,Jon Bernthal,Jon Hamm,Eiza González
Only the Brave,Josh Brolin,Miles Teller,Jeff Bridges,Jennifer Connelly
Bridge of Spies,Tom Hanks,Mark Rylance,Alan Alda,Amy Ryan
Incredibles 2,Craig T. Nelson,Holly Hunter,Sarah Vowell,Huck Milner
Moana,John Musker,Don Hall,Chris Williams,Auli'i Cravalho
Sicario,Emily Blunt,Josh Brolin,Benicio Del Toro,Jon Bernthal
Creed,Michael B. Jordan,Sylvester Stallone,Tessa Thompson,Phylicia Rashad
Leviafan,Aleksey Serebryakov,Elena Lyadova,Roman Madyanov,Vladimir Vdovichenkov
Hell or High Water,Chris Pine,Ben Foster,Jeff Bridges,Gil Birmingham
Philomena,Judi Dench,Steve Coogan,Sophie Kennedy Clark,Mare Winningham
Dawn of the Planet of the Apes,Gary Oldman,Keri Russell,Andy Serkis,Kodi Smit-McPhee
Serbuan maut,Iko Uwais,Ananda George,Ray Sahetapy,Donny Alamsyah
End of Watch,Jake Gyllenhaal,Michael Peña,Anna Kendrick,America Ferrera
Kari-gurashi no Arietti,Amy Poehler,Mirai Shida,Ryûnosuke Kamiki,Tatsuya Fujiwara
A Star Is Born,Lady Gaga,Bradley Cooper,Sam Elliott,Greg Grunberg
True Grit,Joel Coen,Jeff Bridges,Matt Damon,Hailee Steinfeld
Hævnen,Mikael Persbrandt,Trine Dyrholm,Markus Rygaard,Wil Johnson
Despicable Me,Chris Renaud,Steve Carell,Jason Segel,Russell Brand
50/50,Joseph Gordon-Levitt,Seth Rogen,Anna Kendrick,Bryce Dallas Howard
Kick-Ass,Aaron Taylor-Johnson,Nicolas Cage,Chloë Grace Moretz,Garrett M. Brown
Moneyball,Brad Pitt,Robin Wright,Jonah Hill,Philip Seymour Hoffman
La piel que habito,Antonio Banderas,Elena Anaya,Jan Cornet,Marisa Paredes
Zombieland,Jesse Eisenberg,Emma Stone,Woody Harrelson,Abigail Breslin
Sherlock Holmes,Robert Downey Jr.,Jude Law,Rachel McAdams,Mark Strong
The Blind Side,Quinton Aaron,Sandra Bullock,Tim McGraw,Jae Head
The Visitor,Richard Jenkins,Haaz Sleiman,Danai Gurira,Hiam Abbass
Seven Pounds,Will Smith,Rosario Dawson,Woody Harrelson,Michael Ealy
Eastern Promises,Naomi Watts,Viggo Mortensen,Armin Mueller-Stahl,Josef Altin
Stardust,Charlie Cox,Claire Danes,Sienna Miller,Ian McKellen
Inside Man,Denzel Washington,Clive Owen,Jodie Foster,Christopher Plummer
Gone Baby Gone,Morgan Freeman,Ed Harris,Casey Affleck,Michelle Monaghan
La Vie En Rose,Marion Cotillard,Sylvie Testud,Pascal Greggory,Emmanuelle Seigner
Huo Yuan Jia,Jet Li,Li Sun,Yong Dong,Yun Qu
The Illusionist,Edward Norton,Jessica Biel,Paul Giamatti,Rufus Sewell
Harry Potter and the Half-Blood Prince,Daniel Radcliffe,Emma Watson,Rupert Grint,Michael Gambon
300,Gerard Butler,Lena Headey,David Wenham,Dominic West
Match Point,Scarlett Johansson,Jonathan Rhys Meyers,Emily Mortimer,Matthew Goode
Watchmen,Jackie Earle Haley,Patrick Wilson,Carla Gugino,Malin Akerman
Lord of War,Nicolas Cage,Ethan Hawke,Jared Leto,Bridget Moynahan
Saw,Cary Elwes,Leigh Whannell,Danny Glover,Ken Leung
"Synecdoche, New York",Philip Seymour Hoffman,Samantha Morton,Michelle Williams,Catherine Keener
Mysterious Skin,Brady Corbet,Joseph Gordon-Levitt,Elisabeth Shue,Chase Ellison
Jeux d'enfants,Guillaume Canet,Marion Cotillard,Thibault Verhaeghe,Joséphine Lebas-Joly
Un long dimanche de fiançailles,Audrey Tautou,Gaspard Ulliel,Jodie Foster,Dominique Pinon
The Station Agent,Peter Dinklage,Patricia Clarkson,Bobby Cannavale,Paul Benjamin
21 Grams,Sean Penn,Benicio Del Toro,Naomi Watts,Danny Huston
Boksuneun naui geot,Kang-ho Song,Shin Ha-kyun,Bae Doona,Ji-Eun Lim
Finding Neverland,Johnny Depp,Kate Winslet,Julie Christie,Radha Mitchell
25th Hour,Edward Norton,Barry Pepper,Philip Seymour Hoffman,Rosario Dawson
The Butterfly Effect,J. Mackye Gruber,Ashton Kutcher,Amy Smart,Melora Walters
28 Days Later...,Cillian Murphy,Naomie Harris,Christopher Eccleston,Alex Palmer
The Royal Tenenbaums,Gene Hackman,Gwyneth Paltrow,Anjelica Huston,Ben Stiller
Y tu mamá también,Maribel Verdú,Gael García Bernal,Daniel Giménez Cacho,Ana López Mercado
Harry Potter and the Sorcerer's Stone,Daniel Radcliffe,Rupert Grint,Richard Harris,Maggie Smith
The Others,Nicole Kidman,Christopher Eccleston,Fionnula Flanagan,Alakina Mann
Blow,Johnny Depp,Penélope Cruz,Franka Potente,Rachel Griffiths
Enemy at the Gates,Jude Law,Ed Harris,Joseph Fiennes,Rachel Weisz
Minority Report,Tom Cruise,Colin Farrell,Samantha Morton,Max von Sydow
The Hurricane,Denzel Washington,Vicellous Shannon,Deborah Kara Unger,Liev Schreiber
American Psycho,Christian Bale,Justin Theroux,Josh Lucas,Bill Sage
Lola rennt,Franka Potente,Moritz Bleibtreu,Herbert Knaup,Nina Petri
The Thin Red Line,Jim Caviezel,Sean Penn,Nick Nolte,Kirk Acevedo
Mulan,Barry Cook,Ming-Na Wen,Eddie Murphy,BD Wong
Fear and Loathing in Las Vegas,Johnny Depp,Benicio Del Toro,Tobey Maguire,Michael Lee Gogin
Dark City,Rufus Sewell,Kiefer Sutherland,Jennifer Connelly,William Hurt
Sleepers,Robert De Niro,Kevin Bacon,Brad Pitt,Jason Patric
Lost Highway,Bill Pullman,Patricia Arquette,John Roselius,Louis Eppolito
Sense and Sensibility,Emma Thompson,Kate Winslet,James Fleet,Tom Wilkinson
Die Hard: With a Vengeance,Bruce Willis,Jeremy Irons,Samuel L. Jackson,Graham Greene
Dead Man,Johnny Depp,Gary Farmer,Crispin Glover,Lance Henriksen
The Bridges of Madison County,Clint Eastwood,Meryl Streep,Annie Corley,Victor Slezak
Apollo 13,Tom Hanks,Bill Paxton,Kevin Bacon,Gary Sinise
Trois couleurs: Blanc,Zbigniew Zamachowski,Julie Delpy,Janusz Gajos,Jerzy Stuhr
Falling Down,Michael Douglas,Robert Duvall,Barbara Hershey,Rachel Ticotin
Dazed and Confused,Jason London,Wiley Wiggins,Matthew McConaughey,Rory Cochrane
My Cousin Vinny,Joe Pesci,Marisa Tomei,Ralph Macchio,Mitchell Whitfield
Omohide poro poro,Miki Imai,Toshirô Yanagiba,Yoko Honna,Mayumi Izuka
Delicatessen,Jean-Pierre Jeunet,Marie-Laure Dougnac,Dominique Pinon,Pascal Benezech
Home Alone,Macaulay Culkin,Joe Pesci,Daniel Stern,John Heard
The Godfather: Part III,Al Pacino,Diane Keaton,Andy Garcia,Talia Shire
When Harry Met Sally...,Billy Crystal,Meg Ryan,Carrie Fisher,Bruno Kirby
The Little Mermaid,John Musker,Jodi Benson,Samuel E. Wright,Rene Auberjonois
The Naked Gun: From the Files of Police Squad!,Leslie Nielsen,Priscilla Presley,O.J. Simpson,Ricardo Montalban
"Planes, Trains & Automobiles",Steve Martin,John Candy,Laila Robins,Michael McKean
Lethal Weapon,Mel Gibson,Danny Glover,Gary Busey,Mitchell Ryan
Blood Simple,Ethan Coen,John Getz,Frances McDormand,Dan Hedaya
On Golden Pond,Katharine Hepburn,Henry Fonda,Jane Fonda,Doug McKeon
Mad Max 2,Mel Gibson,Bruce Spence,Michael Preston,Max Phipps
The Warriors,Michael Beck,James Remar,Dorsey Wright,Brian Tyler
The Muppet Movie,Jim Henson,Frank Oz,Jerry Nelson,Richard Hunt
Escape from Alcatraz,Clint Eastwood,Patrick McGoohan,Roberts Blossom,Jack Thibeau
Midnight Express,Brad Davis,Irene Miracle,Bo Hopkins,Paolo Bonacelli
Close Encounters of the Third Kind,Richard Dreyfuss,François Truffaut,Teri Garr,Melinda Dillon
The Long Goodbye,Elliott Gould,Nina van Pallandt,Sterling Hayden,Mark Rydell
Giù la testa,Rod Steiger,James Coburn,Romolo Valli,Maria Monti
Kelly's Heroes,Clint Eastwood,Telly Savalas,Don Rickles,Carroll O'Connor
The Jungle Book,Phil Harris,Sebastian Cabot,Louis Prima,Bruce Reitherman
A Hard Day's Night,John Lennon,Paul McCartney,George Harrison,Ringo Starr
From Here to Eternity,Burt Lancaster,Montgomery Clift,Deborah Kerr,Donna Reed
